Title,URL,Time Published,Authors,Summary,Banner Image,Source,Category Within Source,Source Domain,Topics,Overall Sentiment Score,Overall Sentiment Label,Ticker Sentiment
"History Says the Nasdaq Will Roar Higher in 2024: 2 Surefire Growth Stocks to Buy Now",https://www.fool.com/investing/2024/01/20/history-says-nasdaq-will-roar-higher-in-2024/,20240120,Adria Cimino,"Apple and Amazon offer solid growth track records and exciting long-term prospects.",https://g.foolcdn.com/image/?url=https%3A%2F%2Fg.foolcdn.com%2Feditorial%2Fimages%2F761632%2Fgettyimages-171351254.jpg&op=resize&w=700,Motley Fool,n/a,www.fool.com,[{"topic":"Economy - Monetary";"relevance_score":"0.158519"};{"topic":"Retail & Wholesale";"relevance_score":"0.5"};{"topic":"Financial Markets";"relevance_score":"0.684621"};{"topic":"Earnings";"relevance_score":"0.967645"};{"topic":"Technology";"relevance_score":"0.5"}],0.365106,Bullish,[{"ticker":"AAPL";"ticker_sentiment_score":"0.559623";"ticker_sentiment_label":"Bullish";"relevance_score":"0.427907"};{"ticker":"AMZN";"ticker_sentiment_score":"0.297812";"ticker_sentiment_label":"Somewhat-Bullish";"relevance_score":"0.465709"}]
"Apple Watch Sidesteps Looming Ban, Cupertino Giant Outshines Samsung In Sales, Tim Cook Shows BTS Of Vision Pro: This Week In Appleverse - Apple  ( NASDAQ:AAPL ) , Masimo  ( NASDAQ:MASI ) ",https://www.benzinga.com/news/24/01/36707332/apple-watch-sidesteps-looming-ban-cupertino-giant-outshines-samsung-in-sales-tim-cook-shows-bts-of-v,20240120,Benzinga Neuro,"This past week was buzzing with stories about Apple Inc. AAPL. From securing the pole position in global smartphone shipments to navigating tricky patent disputes the tech giant was nothing short of newsworthy. Here's a quick round-up of what you may have missed over the weekend.",https://cdn.benzinga.com/files/images/story/2024/Apple-Shenzhen-China-media-preview-store_0.jpeg?width=1200&height=800&fit=crop,Benzinga,News,www.benzinga.com,[{"topic":"Life Sciences";"relevance_score":"0.5"};{"topic":"Technology";"relevance_score":"0.5"}],0.157793,Somewhat-Bullish,[{"ticker":"NFLX";"ticker_sentiment_score":"0.339446";"ticker_sentiment_label":"Somewhat-Bullish";"relevance_score":"0.353059"};{"ticker":"SSNLF";"ticker_sentiment_score":"0.21399";"ticker_sentiment_label":"Somewhat-Bullish";"relevance_score":"0.091162"};{"ticker":"MASI";"ticker_sentiment_score":"-0.108552";"ticker_sentiment_label":"Neutral";"relevance_score":"0.353059"};{"ticker":"AAPL";"ticker_sentiment_score":"0.147921";"ticker_sentiment_label":"Neutral";"relevance_score":"0.830573"}]
"3 Supercharged Tech Stocks to Buy Without Any Hesitation",https://www.fool.com/investing/2024/01/20/3-supercharged-tech-stocks-to-buy-without-hesita/,20240120,Stefon Walters,"Even after positive 2023 gains these companies are poised to keep the momentum going.",https://media.ycharts.com/charts/601d0225d1454ec8223f9accc1e2135b.png,Motley Fool,n/a,www.fool.com,[{"topic":"IPO";"relevance_score":"0.451494"};{"topic":"Retail & Wholesale";"relevance_score":"0.333333"};{"topic":"Financial Markets";"relevance_score":"0.108179"};{"topic":"Manufacturing";"relevance_score":"0.333333"};{"topic":"Earnings";"relevance_score":"0.929393"};{"topic":"Technology";"relevance_score":"0.333333"}],0.196561,Somewhat-Bullish,[{"ticker":"MSFT";"ticker_sentiment_score":"0.209677";"ticker_sentiment_label":"Somewhat-Bullish";"relevance_score":"0.3038"};{"ticker":"NVDA";"ticker_sentiment_score":"0.039959";"ticker_sentiment_label":"Neutral";"relevance_score":"0.103554"};{"ticker":"AAPL";"ticker_sentiment_score":"0.051773";"ticker_sentiment_label":"Neutral";"relevance_score":"0.103554"};{"ticker":"CRWD";"ticker_sentiment_score":"0.215508";"ticker_sentiment_label":"Somewhat-Bullish";"relevance_score":"0.351273"};{"ticker":"TSLA";"ticker_sentiment_score":"0.045688";"ticker_sentiment_label":"Neutral";"relevance_score":"0.051886"};{"ticker":"AMD";"ticker_sentiment_score":"0.025978";"ticker_sentiment_label":"Neutral";"relevance_score":"0.051886"};{"ticker":"AMZN";"ticker_sentiment_score":"0.241666";"ticker_sentiment_label":"Somewhat-Bullish";"relevance_score":"0.051886"};{"ticker":"TSM";"ticker_sentiment_score":"-0.016457";"ticker_sentiment_label":"Neutral";"relevance_score":"0.103554"}]
"Apple Sells Some of the Most Popular Hardware Products on the Face of the Planet, but This Other Segment Is Responsible for More Than a Third of Its Gross Profits",https://www.fool.com/investing/2024/01/20/not-hardware-where-apple-gets-third-gross-profit/,20240120,Neil Patel,"This booming division is set to become a greater financial contributor in the years ahead.",https://g.foolcdn.com/editorial/images/761706/using-iphone-at-desk-with-apple-watch-on.jpg,Motley Fool,n/a,www.fool.com,[{"topic":"Earnings";"relevance_score":"0.684621"};{"topic":"Technology";"relevance_score":"0.5"};{"topic":"Finance";"relevance_score":"0.5"}],0.277682,Somewhat-Bullish,[{"ticker":"NFLX";"ticker_sentiment_score":"0.134641";"ticker_sentiment_label":"Neutral";"relevance_score":"0.070517"};{"ticker":"AAPL";"ticker_sentiment_score":"0.466866";"ticker_sentiment_label":"Bullish";"relevance_score":"0.71174"};{"ticker":"SPOT";"ticker_sentiment_score":"0.134641";"ticker_sentiment_label":"Neutral";"relevance_score":"0.070517"};{"ticker":"BRK-A";"ticker_sentiment_score":"0.004061";"ticker_sentiment_label":"Neutral";"relevance_score":"0.070517"}]
"3 Magnificent Growth ETFs That Could Triple Your Money With Next to No Effort",https://www.fool.com/investing/2024/01/20/3-magnificent-growth-etfs-triple-your-money/,20240120,Katie Brockman,"The right investments can help supercharge your savings.",https://media.ycharts.com/charts/6b6e317c9b2f65ca857502b6b9cef6c9.png,Motley Fool,n/a,www.fool.com,[{"topic":"Retail & Wholesale";"relevance_score":"0.25"};{"topic":"Financial Markets";"relevance_score":"1.0"};{"topic":"Manufacturing";"relevance_score":"0.25"};{"topic":"Earnings";"relevance_score":"0.158519"};{"topic":"Technology";"relevance_score":"0.25"};{"topic":"Finance";"relevance_score":"0.25"}],0.176499,Somewhat-Bullish,[{"ticker":"MSFT";"ticker_sentiment_score":"0.00994";"ticker_sentiment_label":"Neutral";"relevance_score":"0.045743"};{"ticker":"NVDA";"ticker_sentiment_score":"0.00994";"ticker_sentiment_label":"Neutral";"relevance_score":"0.045743"};{"ticker":"AAPL";"ticker_sentiment_score":"0.00994";"ticker_sentiment_label":"Neutral";"relevance_score":"0.045743"};{"ticker":"TSLA";"ticker_sentiment_score":"0.00994";"ticker_sentiment_label":"Neutral";"relevance_score":"0.045743"};{"ticker":"IVZ";"ticker_sentiment_score":"-0.042572";"ticker_sentiment_label":"Neutral";"relevance_score":"0.045743"};{"ticker":"AMZN";"ticker_sentiment_score":"0.00994";"ticker_sentiment_label":"Neutral";"relevance_score":"0.045743"}]
"Jim Cramer Says Customers Can Buy 60-Inch TV At Walmart For $289 Than Apple Vision Pro: 'Don't Think People Have $4,000 Sitting Around' - Alphabet  ( NASDAQ:GOOG ) , Apple  ( NASDAQ:AAPL ) ",https://www.benzinga.com/analyst-ratings/analyst-color/24/01/36705971/jim-cramer-says-customers-can-buy-60-inch-tv-at-walmart-for-289-than-apple-vision-p,20240120,Rounak Jain,"""Mad Money"" host Jim Cramer thinks Apple Vision Pro might not be everyone's cup of tea because of its price tag just as Apple Inc. AAPL has opened pre-orders of its next big bet. What Happened: Cramer agreed with co-host and CNBC's market analyst David Faber who underscored the fact that a ...",https://cdn.benzinga.com/files/images/story/2024/Apple-Vision-Pro_8.jpeg?width=1200&height=800&fit=crop,Benzinga,News,www.benzinga.com,[{"topic":"Technology";"relevance_score":"0.5"};{"topic":"Retail & Wholesale";"relevance_score":"0.5"}],0.297872,Somewhat-Bullish,[{"ticker":"NFLX";"ticker_sentiment_score":"0.461924";"ticker_sentiment_label":"Bullish";"relevance_score":"0.169676"};{"ticker":"GOOG";"ticker_sentiment_score":"0.395017";"ticker_sentiment_label":"Bullish";"relevance_score":"0.331765"};{"ticker":"AAPL";"ticker_sentiment_score":"0.4857";"ticker_sentiment_label":"Bullish";"relevance_score":"0.608634"};{"ticker":"SPOT";"ticker_sentiment_score":"0.461924";"ticker_sentiment_label":"Bullish";"relevance_score":"0.169676"};{"ticker":"WMT";"ticker_sentiment_score":"0.162545";"ticker_sentiment_label":"Somewhat-Bullish";"relevance_score":"0.085324"}]
"Tim Cook Shares BTS Of Apple's Next Big Bet As Vision Pro Pre-Orders Are Now Live - Apple  ( NASDAQ:AAPL ) ",https://www.benzinga.com/news/24/01/36705489/tim-cook-shares-bts-of-apples-next-big-bet-as-vision-pro-pre-orders-are-now-live,20240120,Rounak Jain,"Tim Cook shared a rare behind-the-scenes video of Apple Inc.'s AAPL next big bet just as the Vision Pro pre-orders have gone live.",https://cdn.benzinga.com/files/images/story/2024/Apple-Vision-Pro_7.jpeg?width=1200&height=800&fit=crop,Benzinga,News,www.benzinga.com,[{"topic":"Technology";"relevance_score":"1.0"}],0.412695,Bullish,[{"ticker":"AAPL";"ticker_sentiment_score":"0.748974";"ticker_sentiment_label":"Bullish";"relevance_score":"0.82023"}]
"Elon Musk Takes A Swipe At Apple AR/VR Headsets As Vision Pro Pre-Orders Open: 'It's Weird That The TV Now Sits On Your Nose!' - Meta Platforms  ( NASDAQ:META ) ",https://www.benzinga.com/news/24/01/36705375/elon-musk-takes-a-swipe-at-apple-arvr-headsets-as-vision-pro-pre-orders-open-its-weird-that-the-tv-n,20240120,Ananya Gairola,"Just days before Apple Inc. AAPL is scheduled to launch its first-generation mixed reality headset Vision Pro Elon Musk the CEO of Tesla Inc. and SpaceX has taken a swipe at the headset.",https://cdn.benzinga.com/files/images/story/2024/Apple-Vision-Pro_6.jpeg?width=1200&height=800&fit=crop,Benzinga,News,www.benzinga.com,[{"topic":"Technology";"relevance_score":"0.5"};{"topic":"Manufacturing";"relevance_score":"0.5"}],0.136462,Neutral,[{"ticker":"META";"ticker_sentiment_score":"0.0";"ticker_sentiment_label":"Neutral";"relevance_score":"0.262522"};{"ticker":"AAPL";"ticker_sentiment_score":"0.484041";"ticker_sentiment_label":"Bullish";"relevance_score":"0.685386"};{"ticker":"TSLA";"ticker_sentiment_score":"0.072458";"ticker_sentiment_label":"Neutral";"relevance_score":"0.1331"}]
"USD 1.78 billion growth in IT market in Qatar from 2022 to 2027; Growth driven by Increased adoption of mobility ... - PR Newswire",https://www.prnewswire.com/news-releases/usd-1-78-billion-growth-in-it-market-in-qatar-from-2022-to-2027-growth-driven-by-increased-adoption-of-mobility-solutions---technavio-302039016.html,20240119,,"USD 1.78 billion growth in IT market in Qatar from 2022 to 2027. Growth driven by Increased adoption of mobility ... PR ...",null,PR Newswire,n/a,www.prnewswire.com,[{"topic":"Life Sciences";"relevance_score":"0.5"};{"topic":"Technology";"relevance_score":"0.5"}],0.30655,Somewhat-Bullish,[{"ticker":"ACEYY";"ticker_sentiment_score":"0.080136";"ticker_sentiment_label":"Neutral";"relevance_score":"0.07887"};{"ticker":"EYE";"ticker_sentiment_score":"0.156581";"ticker_sentiment_label":"Somewhat-Bullish";"relevance_score":"0.07887"};{"ticker":"MSFT";"ticker_sentiment_score":"0.080136";"ticker_sentiment_label":"Neutral";"relevance_score":"0.07887"};{"ticker":"AAPL";"ticker_sentiment_score":"0.080136";"ticker_sentiment_label":"Neutral";"relevance_score":"0.07887"};{"ticker":"CSCO";"ticker_sentiment_score":"0.080136";"ticker_sentiment_label":"Neutral";"relevance_score":"0.07887"};{"ticker":"SAP";"ticker_sentiment_score":"0.080136";"ticker_sentiment_label":"Neutral";"relevance_score":"0.07887"};{"ticker":"IBM";"ticker_sentiment_score":"0.080136";"ticker_sentiment_label":"Neutral";"relevance_score":"0.07887"};{"ticker":"ORCL";"ticker_sentiment_score":"0.080136";"ticker_sentiment_label":"Neutral";"relevance_score":"0.07887"};{"ticker":"INFY";"ticker_sentiment_score":"0.080136";"ticker_sentiment_label":"Neutral";"relevance_score":"0.07887"};{"ticker":"ACN";"ticker_sentiment_score":"0.080136";"ticker_sentiment_label":"Neutral";"relevance_score":"0.07887"};{"ticker":"MMM";"ticker_sentiment_score":"0.080136";"ticker_sentiment_label":"Neutral";"relevance_score":"0.07887"};{"ticker":"DELL";"ticker_sentiment_score":"0.080136";"ticker_sentiment_label":"Neutral";"relevance_score":"0.07887"}]
"Market Hits Record Highs As Leaders Run; What To Do Now",https://www.investors.com/market-trend/stock-market-today/dow-jones-sp-500-hit-record-highs-leading-stocks-run-tesla-netflix-earnings-due/,20240119,Investor's Business Daily ED CARSON,"Dow Jones S&P 500 Hit Record Highs As Leading Stocks Run. Tesla Netflix Earnings Due Investor's Business Daily ...",https://www.investors.com/wp-content/uploads/2023/09/Stock-bullsstampede-01-adobe.jpg,Investors Business Daily,n/a,www.investors.com,[{"topic":"Life Sciences";"relevance_score":"0.2"};{"topic":"Energy & Transportation";"relevance_score":"0.2"};{"topic":"Technology";"relevance_score":"0.2"};{"topic":"Finance";"relevance_score":"0.2"};{"topic":"Economy - Monetary";"relevance_score":"0.158519"};{"topic":"Financial Markets";"relevance_score":"1.0"};{"topic":"Manufacturing";"relevance_score":"0.2"};{"topic":"Earnings";"relevance_score":"0.994953"}],0.09998,Neutral,[{"ticker":"DKNG";"ticker_sentiment_score":"0.012898";"ticker_sentiment_label":"Neutral";"relevance_score":"0.177896"};{"ticker":"KLAC";"ticker_sentiment_score":"0.047457";"ticker_sentiment_label":"Neutral";"relevance_score":"0.177896"};{"ticker":"NFLX";"ticker_sentiment_score":"0.075475";"ticker_sentiment_label":"Neutral";"relevance_score":"0.127591"};{"ticker":"PCAR";"ticker_sentiment_score":"0.036054";"ticker_sentiment_label":"Neutral";"relevance_score":"0.127591"};{"ticker":"AAPL";"ticker_sentiment_score":"0.0";"ticker_sentiment_label":"Neutral";"relevance_score":"0.102231"};{"ticker":"SMCI";"ticker_sentiment_score":"0.0";"ticker_sentiment_label":"Neutral";"relevance_score":"0.051221"};{"ticker":"IVZ";"ticker_sentiment_score":"0.0";"ticker_sentiment_label":"Neutral";"relevance_score":"0.025624"};{"ticker":"URI";"ticker_sentiment_score":"0.040395";"ticker_sentiment_label":"Neutral";"relevance_score":"0.20279"};{"ticker":"TSLA";"ticker_sentiment_score":"-0.060445";"ticker_sentiment_label":"Neutral";"relevance_score":"0.276151"};{"ticker":"INTC";"ticker_sentiment_score":"0.054814";"ticker_sentiment_label":"Neutral";"relevance_score":"0.152821"};{"ticker":"NOW";"ticker_sentiment_score":"0.136084";"ticker_sentiment_label":"Neutral";"relevance_score":"0.152821"};{"ticker":"LRCX";"ticker_sentiment_score":"0.054814";"ticker_sentiment_label":"Neutral";"relevance_score":"0.152821"};{"ticker":"NET";"ticker_sentiment_score":"0.028525";"ticker_sentiment_label":"Neutral";"relevance_score":"0.20279"};{"ticker":"BKNG";"ticker_sentiment_score":"0.0";"ticker_sentiment_label":"Neutral";"relevance_score":"0.051221"}]
"PayPal's stock enjoying best three-day run in 14 months with a key event on deck",https://www.marketwatch.com/story/paypals-stock-enjoying-best-three-day-run-in-14-months-with-a-key-event-on-deck-8dcfe422,20240119,Emily Bary,"The payments firm's shares head for their highest close since August as it prepares to show off its ""innovation"" next week.",https://images.mktw.net/im-642489/social,MarketWatch,Top Stories,www.marketwatch.com,[{"topic":"Technology";"relevance_score":"1.0"};{"topic":"Financial Markets";"relevance_score":"0.266143"}],0.108945,Neutral,[{"ticker":"PYPL";"ticker_sentiment_score":"0.197772";"ticker_sentiment_label":"Somewhat-Bullish";"relevance_score":"0.597963"};{"ticker":"AAPL";"ticker_sentiment_score":"-0.267387";"ticker_sentiment_label":"Somewhat-Bearish";"relevance_score":"0.38489"}]
"S&P 500 Index Reaches All-Time Highs: AI, Rate Cut Hopes Cement The Milestone - Vanguard S&P 500 ETF  ( ARCA:VOO ) , iShares Core S&P 500 ETF  ( ARCA:IVV ) , SPDR S&P 500  ( ARCA:SPY ) ",https://www.benzinga.com/markets/equities/24/01/36700326/s-p-500-index-reaches-all-time-highs-ai-rate-cut-hopes-cement-the-milestone,20240119,Piero Cingari,"The S&P 500 Index a widely-followed gauge of the U.S. stock market achieved a fresh all-time high Friday. The index reached a level of 4826 during intraday trading surpassing previous peak levels seen over two years ago on Jan. 4 2021.",https://cdn.benzinga.com/files/images/story/2024/green-bullish-chart-shutter_1.jpeg?width=1200&height=800&fit=crop,Benzinga,Markets,www.benzinga.com,[{"topic":"Economy - Monetary";"relevance_score":"0.769861"};{"topic":"Economy - Fiscal";"relevance_score":"0.158519"};{"topic":"Retail & Wholesale";"relevance_score":"0.333333"};{"topic":"Financial Markets";"relevance_score":"0.961735"};{"topic":"Manufacturing";"relevance_score":"0.333333"};{"topic":"Technology";"relevance_score":"0.333333"}],0.119651,Neutral,[{"ticker":"MSFT";"ticker_sentiment_score":"0.209235";"ticker_sentiment_label":"Somewhat-Bullish";"relevance_score":"0.127795"};{"ticker":"GOOG";"ticker_sentiment_score":"0.209235";"ticker_sentiment_label":"Somewhat-Bullish";"relevance_score":"0.127795"};{"ticker":"META";"ticker_sentiment_score":"0.209235";"ticker_sentiment_label":"Somewhat-Bullish";"relevance_score":"0.127795"};{"ticker":"NVDA";"ticker_sentiment_score":"0.209235";"ticker_sentiment_label":"Somewhat-Bullish";"relevance_score":"0.127795"};{"ticker":"AAPL";"ticker_sentiment_score":"0.209235";"ticker_sentiment_label":"Somewhat-Bullish";"relevance_score":"0.127795"};{"ticker":"TSLA";"ticker_sentiment_score":"0.209235";"ticker_sentiment_label":"Somewhat-Bullish";"relevance_score":"0.127795"};{"ticker":"AMZN";"ticker_sentiment_score":"0.209235";"ticker_sentiment_label":"Somewhat-Bullish";"relevance_score":"0.127795"}]
"What's in the Offing for Texas Instruments  ( TXN )  in Q4 Earnings?",https://www.zacks.com/stock/news/2213026/whats-in-the-offing-for-texas-instruments-txn-in-q4-earnings,20240119,Zacks Equity Research,"Texas Instruments' (TXN) fourth-quarter 2023 results are likely to reflect the adverse effects of inventory reduction on the Analog and Embedded Processing segments.",https://staticx-tuner.zacks.com/images/articles/main/fc/1470.jpg,Zacks Commentary,n/a,www.zacks.com,[{"topic":"Economy - Monetary";"relevance_score":"0.158519"};{"topic":"Manufacturing";"relevance_score":"0.5"};{"topic":"Earnings";"relevance_score":"0.999682"};{"topic":"Technology";"relevance_score":"0.5"}],0.099249,Neutral,[{"ticker":"AAPL";"ticker_sentiment_score":"0.049679";"ticker_sentiment_label":"Neutral";"relevance_score":"0.201803"};{"ticker":"ASML";"ticker_sentiment_score":"0.133825";"ticker_sentiment_label":"Neutral";"relevance_score":"0.201803"};{"ticker":"TXN";"ticker_sentiment_score":"0.103484";"ticker_sentiment_label":"Neutral";"relevance_score":"0.449219"}]
"Augmented Reality  ( AR )  Industry Insights 2024-2030 Featuring Recent Developments & Revenue Metrics Across Multiple Applications for Key Players Kopin, Seiko Epson, and Vuzix Among Others",https://www.prnewswire.com/news-releases/augmented-reality-ar-industry-insights-2024-2030-featuring-recent-developments--revenue-metrics-across-multiple-applications-for-key-players-kopin-seiko-epson-and-vuzix-among-others-302039352.html,20240119,Research and Markets,"Augmented Reality ( AR ) Industry Insights 2024-2030 Featuring Recent Developments & Revenue Metrics Across ... PR ...",https://mma.prnewswire.com/media/539438/Research_and_Markets_Logo.jpg?p=facebook,PR Newswire,n/a,www.prnewswire.com,[{"topic":"Economy - Monetary";"relevance_score":"0.310843"};{"topic":"Technology";"relevance_score":"0.5"};{"topic":"Manufacturing";"relevance_score":"0.5"}],0.409388,Bullish,[{"ticker":"LNVGF";"ticker_sentiment_score":"0.116887";"ticker_sentiment_label":"Neutral";"relevance_score":"0.088909"};{"ticker":"MSFT";"ticker_sentiment_score":"0.201346";"ticker_sentiment_label":"Somewhat-Bullish";"relevance_score":"0.059341"};{"ticker":"SSNLF";"ticker_sentiment_score":"0.00383";"ticker_sentiment_label":"Neutral";"relevance_score":"0.029691"};{"ticker":"GOOG";"ticker_sentiment_score":"0.211195";"ticker_sentiment_label":"Somewhat-Bullish";"relevance_score":"0.088909"};{"ticker":"KOPN";"ticker_sentiment_score":"0.00383";"ticker_sentiment_label":"Neutral";"relevance_score":"0.029691"};{"ticker":"AAPL";"ticker_sentiment_score":"0.00383";"ticker_sentiment_label":"Neutral";"relevance_score":"0.029691"};{"ticker":"VUZI";"ticker_sentiment_score":"0.00383";"ticker_sentiment_label":"Neutral";"relevance_score":"0.029691"};{"ticker":"SEKEF";"ticker_sentiment_score":"0.00383";"ticker_sentiment_label":"Neutral";"relevance_score":"0.029691"}]
"The case for healthcare stocks",https://www.marketwatch.com/story/the-case-for-healthcare-stocks-72f5f58c,20240119,Philip van Doorn,"Also: Time to lock in a CD rate Fisker home buying and quality stocks.",https://images.mktw.net/im-31352944?width=700&height=467,MarketWatch,Top Stories,www.marketwatch.com,[{"topic":"Energy & Transportation";"relevance_score":"0.2"};{"topic":"Technology";"relevance_score":"0.2"};{"topic":"Finance";"relevance_score":"0.2"};{"topic":"Economy - Monetary";"relevance_score":"0.682689"};{"topic":"Financial Markets";"relevance_score":"0.999896"};{"topic":"Manufacturing";"relevance_score":"0.2"};{"topic":"Real Estate & Construction";"relevance_score":"0.2"};{"topic":"Economy - Macro";"relevance_score":"0.158519"}],0.074544,Neutral,[{"ticker":"HUM";"ticker_sentiment_score":"0.03516";"ticker_sentiment_label":"Neutral";"relevance_score":"0.058472"};{"ticker":"IRBT";"ticker_sentiment_score":"-0.022031";"ticker_sentiment_label":"Neutral";"relevance_score":"0.058472"};{"ticker":"AAPL";"ticker_sentiment_score":"-0.124995";"ticker_sentiment_label":"Neutral";"relevance_score":"0.058472"};{"ticker":"SAVE";"ticker_sentiment_score":"-0.119127";"ticker_sentiment_label":"Neutral";"relevance_score":"0.058472"};{"ticker":"FSR";"ticker_sentiment_score":"0.08001";"ticker_sentiment_label":"Neutral";"relevance_score":"0.08761"};{"ticker":"TSM";"ticker_sentiment_score":"0.068979";"ticker_sentiment_label":"Neutral";"relevance_score":"0.058472"};{"ticker":"CRYPTO:BTC";"ticker_sentiment_score":"-0.031049";"ticker_sentiment_label":"Neutral";"relevance_score":"0.029256"}]
"Our 2 semiconductor stocks hit more all-time highs. Here is what's behind each move",https://www.cnbc.com/2024/01/19/our-2-semiconductor-stocks-hit-more-all-time-highs-what-is-behind-each-move.html,20240119,Morgan Chittum,"The Investing Club holds its ""Morning Meeting"" every weekday at 10:20 a.m. ET.",https://image.cnbcfm.com/api/v1/image/107361742-17056783191705678315-32962117986-1080pnbcnews.jpg?v=1705678318&w=600&h=300&vtcrop=y,CNBC,Top News,www.cnbc.com,[{"topic":"Financial Markets";"relevance_score":"0.990893"};{"topic":"Manufacturing";"relevance_score":"0.333333"};{"topic":"Earnings";"relevance_score":"0.495866"};{"topic":"Technology";"relevance_score":"0.333333"};{"topic":"Finance";"relevance_score":"0.333333"}],0.255883,Somewhat-Bullish,[{"ticker":"META";"ticker_sentiment_score":"0.147159";"ticker_sentiment_label":"Neutral";"relevance_score":"0.15697"};{"ticker":"NVDA";"ticker_sentiment_score":"0.196405";"ticker_sentiment_label":"Somewhat-Bullish";"relevance_score":"0.233556"};{"ticker":"VMW";"ticker_sentiment_score":"0.147159";"ticker_sentiment_label":"Neutral";"relevance_score":"0.15697"};{"ticker":"AAPL";"ticker_sentiment_score":"0.243328";"ticker_sentiment_label":"Somewhat-Bullish";"relevance_score":"0.307924"};{"ticker":"AVGO";"ticker_sentiment_score":"0.147159";"ticker_sentiment_label":"Neutral";"relevance_score":"0.15697"};{"ticker":"GS";"ticker_sentiment_score":"0.112658";"ticker_sentiment_label":"Neutral";"relevance_score":"0.07887"};{"ticker":"ETN";"ticker_sentiment_score":"0.147159";"ticker_sentiment_label":"Neutral";"relevance_score":"0.15697"}]
"Apple's Vision Pro headset is selling out - but what does that really mean?",https://www.marketwatch.com/story/apples-vision-pro-headset-is-selling-out-but-what-does-that-really-mean-5c662a4c,20240119,Emily Bary,"It's unclear whether Apple's early Vision Pro performance reflects blowout popularity limited initial stock or some mix of both.",https://images.mktw.net/im-60310927/social,MarketWatch,Top Stories,www.marketwatch.com,[{"topic":"Earnings";"relevance_score":"0.310843"};{"topic":"Technology";"relevance_score":"1.0"};{"topic":"Financial Markets";"relevance_score":"0.108179"}],0.192448,Somewhat-Bullish,[{"ticker":"AAPL";"ticker_sentiment_score":"0.227664";"ticker_sentiment_label":"Somewhat-Bullish";"relevance_score":"0.790287"}]
"TE Connectivity  ( TEL )  to Report Q1 Earnings: What's in Store?",https://www.zacks.com/stock/news/2212892/te-connectivity-tel-to-report-q1-earnings-whats-in-store,20240119,Zacks Equity Research,"TE Connectivity's (TEL) fiscal first-quarter performance is expected to reflect strength in the Industrial and Transportation segment amid weakness in the Communication segment.",https://staticx-tuner.zacks.com/images/articles/main/8e/1377.jpg,Zacks Commentary,n/a,www.zacks.com,[{"topic":"Earnings";"relevance_score":"0.997845"};{"topic":"Retail & Wholesale";"relevance_score":"0.5"};{"topic":"Technology";"relevance_score":"0.5"}],0.264624,Somewhat-Bullish,[{"ticker":"META";"ticker_sentiment_score":"0.117237";"ticker_sentiment_label":"Neutral";"relevance_score":"0.29234"};{"ticker":"AAPL";"ticker_sentiment_score":"0.177492";"ticker_sentiment_label":"Somewhat-Bullish";"relevance_score":"0.29234"};{"ticker":"TEL";"ticker_sentiment_score":"0.229175";"ticker_sentiment_label":"Somewhat-Bullish";"relevance_score":"0.426225"};{"ticker":"FICO";"ticker_sentiment_score":"0.238911";"ticker_sentiment_label":"Somewhat-Bullish";"relevance_score":"0.29234"}]
"ServiceNow  ( NOW )  to Report Q4 Earnings: What's in the Cards?",https://www.zacks.com/stock/news/2212882/servicenow-now-to-report-q4-earnings-whats-in-the-cards,20240119,Zacks Equity Research,"ServiceNow's (NOW) fourth-quarter 2023 results are likely to reflect gains from an expanding global presence a solid partner base and a solid generative AI portfolio.",https://staticx-tuner.zacks.com/images/articles/main/58/2932.jpg,Zacks Commentary,n/a,www.zacks.com,[{"topic":"Earnings";"relevance_score":"0.998645"};{"topic":"Technology";"relevance_score":"0.5"};{"topic":"Manufacturing";"relevance_score":"0.5"}],0.307318,Somewhat-Bullish,[{"ticker":"NVDA";"ticker_sentiment_score":"0.299674";"ticker_sentiment_label":"Somewhat-Bullish";"relevance_score":"0.182967"};{"ticker":"AAPL";"ticker_sentiment_score":"0.152721";"ticker_sentiment_label":"Somewhat-Bullish";"relevance_score":"0.242285"};{"ticker":"TLPFF";"ticker_sentiment_score":"0.274334";"ticker_sentiment_label":"Somewhat-Bullish";"relevance_score":"0.061473"};{"ticker":"FICO";"ticker_sentiment_score":"0.206141";"ticker_sentiment_label":"Somewhat-Bullish";"relevance_score":"0.242285"};{"ticker":"NOW";"ticker_sentiment_score":"0.293175";"ticker_sentiment_label":"Somewhat-Bullish";"relevance_score":"0.410697"}]
"ETFs in Focus Ahead of ""Magnificent Seven"" Q4 Earnings",https://www.zacks.com/stock/news/2212854/etfs-in-focus-ahead-of-magnificent-seven-q4-earnings,20240119,Sweta Killa,"The fourth-quarter earnings for ""Magnificent Seven"" are expected to grow 38.4% from the same period last year on 12.4% higher revenues.",https://staticx-tuner.zacks.com/images/articles/main/35/2136.jpg,Zacks Commentary,n/a,www.zacks.com,[{"topic":"Retail & Wholesale";"relevance_score":"0.25"};{"topic":"Financial Markets";"relevance_score":"0.999974"};{"topic":"Manufacturing";"relevance_score":"0.25"};{"topic":"Earnings";"relevance_score":"1.0"};{"topic":"Technology";"relevance_score":"0.25"};{"topic":"Finance";"relevance_score":"0.25"}],0.297144,Somewhat-Bullish,[{"ticker":"MSFT";"ticker_sentiment_score":"0.078854";"ticker_sentiment_label":"Neutral";"relevance_score":"0.204812"};{"ticker":"META";"ticker_sentiment_score":"0.151364";"ticker_sentiment_label":"Somewhat-Bullish";"relevance_score":"0.176073"};{"ticker":"NVDA";"ticker_sentiment_score":"0.186639";"ticker_sentiment_label":"Somewhat-Bullish";"relevance_score":"0.176073"};{"ticker":"AAPL";"ticker_sentiment_score":"0.052024";"ticker_sentiment_label":"Neutral";"relevance_score":"0.261428"};{"ticker":"TSLA";"ticker_sentiment_score":"0.077115";"ticker_sentiment_label":"Neutral";"relevance_score":"0.204812"};{"ticker":"IVZ";"ticker_sentiment_score":"0.171086";"ticker_sentiment_label":"Somewhat-Bullish";"relevance_score":"0.059121"};{"ticker":"AMZN";"ticker_sentiment_score":"0.153488";"ticker_sentiment_label":"Somewhat-Bullish";"relevance_score":"0.147096"}]
"Netflix, Tesla, Intel Highlight Earnings Calendar As Earnings Season Kicks Into Gear",https://www.investors.com/research/earnings-preview/earnings-calendar-spotlight-wall-street-eyes-q4-results-netflix-nflx-tesla-tsla-intel-intc/,20240119,Investor's Business Daily KEN SHREVE,"Earnings Calendar Spotlight: Wall Street Eyes Q4 Results from Netflix Tesla Intel Investor's Business Daily ...",https://www.investors.com/wp-content/uploads/2024/01/EARNwatch012224.jpg,Investors Business Daily,n/a,www.investors.com,[{"topic":"Life Sciences";"relevance_score":"0.333333"};{"topic":"Financial Markets";"relevance_score":"1.0"};{"topic":"Manufacturing";"relevance_score":"0.333333"};{"topic":"Earnings";"relevance_score":"1.0"};{"topic":"Technology";"relevance_score":"0.333333"}],0.147463,Neutral,[{"ticker":"KLAC";"ticker_sentiment_score":"0.041973";"ticker_sentiment_label":"Neutral";"relevance_score":"0.096412"};{"ticker":"NFLX";"ticker_sentiment_score":"0.180923";"ticker_sentiment_label":"Somewhat-Bullish";"relevance_score":"0.222546"};{"ticker":"NVDA";"ticker_sentiment_score":"0.269514";"ticker_sentiment_label":"Somewhat-Bullish";"relevance_score":"0.064362"};{"ticker":"AAPL";"ticker_sentiment_score":"0.269514";"ticker_sentiment_label":"Somewhat-Bullish";"relevance_score":"0.064362"};{"ticker":"TSLA";"ticker_sentiment_score":"-0.027891";"ticker_sentiment_label":"Neutral";"relevance_score":"0.191422"};{"ticker":"INTC";"ticker_sentiment_score":"0.104349";"ticker_sentiment_label":"Neutral";"relevance_score":"0.343063"};{"ticker":"NOW";"ticker_sentiment_score":"0.025009";"ticker_sentiment_label":"Neutral";"relevance_score":"0.064362"};{"ticker":"AMD";"ticker_sentiment_score":"0.269514";"ticker_sentiment_label":"Somewhat-Bullish";"relevance_score":"0.064362"};{"ticker":"LRCX";"ticker_sentiment_score":"0.041973";"ticker_sentiment_label":"Neutral";"relevance_score":"0.096412"}]
"Is Trending Stock Apple Inc.  ( AAPL )  a Buy Now?",https://www.zacks.com/stock/news/2212720/is-trending-stock-apple-inc-aapl-a-buy-now,20240119,Zacks Equity Research,"Apple (AAPL) has been one of the stocks most watched by Zacks.com users lately. So it is worth exploring what lies ahead for the stock.",https://staticx-tuner.zacks.com/images/default_article_images/default184.jpg,Zacks Commentary,n/a,www.zacks.com,[{"topic":"Earnings";"relevance_score":"0.999999"};{"topic":"Technology";"relevance_score":"1.0"};{"topic":"Financial Markets";"relevance_score":"0.54554"}],0.230768,Somewhat-Bullish,[{"ticker":"AAPL";"ticker_sentiment_score":"0.154369";"ticker_sentiment_label":"Somewhat-Bullish";"relevance_score":"0.527831"}]
"Apple's stock sentiment has been sour, but there may be a silver lining",https://www.marketwatch.com/story/apples-stock-sentiment-has-been-sour-but-there-may-be-a-silver-lining-57a6cac6,20240119,Emily Bary,"Weak buy-side expectations could position Apple well during earnings according to an analyst.",https://images.mktw.net/im-98198185/social,MarketWatch,Top Stories,www.marketwatch.com,[{"topic":"Earnings";"relevance_score":"0.904684"};{"topic":"Technology";"relevance_score":"1.0"};{"topic":"Financial Markets";"relevance_score":"0.962106"}],0.079121,Neutral,[{"ticker":"MSFT";"ticker_sentiment_score":"0.0";"ticker_sentiment_label":"Neutral";"relevance_score":"0.076115"};{"ticker":"GOOG";"ticker_sentiment_score":"0.105742";"ticker_sentiment_label":"Neutral";"relevance_score":"0.076115"};{"ticker":"AAPL";"ticker_sentiment_score":"-0.096502";"ticker_sentiment_label":"Neutral";"relevance_score":"0.660632"}]
"2024 Could Be Mark Zuckerberg's Trillion-Dollar Year",https://www.investors.com/news/technology/meta-stock-forecast-2024-could-be-mark-zuckerbergs-trillion-dollar-year/,20240119,RYAN DEFFENBAUGH Investor's Business Daily,"When Meta Platforms then named Facebook topped $1 trillion in market value in 2021 it joined an exclusive club of just five U.S. companies that ever hit that mark. But Mark Zuckerberg and his team had little time to bask in the glory.",https://www.investors.com/wp-content/uploads/2024/01/A1MAIN_meta_012224_adobe.jpg,Investors Business Daily,n/a,www.investors.com,[{"topic":"Retail & Wholesale";"relevance_score":"0.25"};{"topic":"Financial Markets";"relevance_score":"0.999993"};{"topic":"Manufacturing";"relevance_score":"0.25"};{"topic":"Earnings";"relevance_score":"0.999966"};{"topic":"Technology";"relevance_score":"0.25"};{"topic":"Finance";"relevance_score":"0.25"}],0.194184,Somewhat-Bullish,[{"ticker":"MSFT";"ticker_sentiment_score":"0.130037";"ticker_sentiment_label":"Neutral";"relevance_score":"0.061684"};{"ticker":"GOOG";"ticker_sentiment_score":"0.147145";"ticker_sentiment_label":"Neutral";"relevance_score":"0.061684"};{"ticker":"META";"ticker_sentiment_score":"0.12742";"ticker_sentiment_label":"Neutral";"relevance_score":"0.282001"};{"ticker":"NVDA";"ticker_sentiment_score":"0.090176";"ticker_sentiment_label":"Neutral";"relevance_score":"0.061684"};{"ticker":"AAPL";"ticker_sentiment_score":"0.090647";"ticker_sentiment_label":"Neutral";"relevance_score":"0.082181"};{"ticker":"BAC";"ticker_sentiment_score":"0.05499";"ticker_sentiment_label":"Neutral";"relevance_score":"0.020579"};{"ticker":"AMZN";"ticker_sentiment_score":"0.169235";"ticker_sentiment_label":"Somewhat-Bullish";"relevance_score":"0.061684"}]
"Logitech  ( LOGI )  to Report Q3 Earnings: What's in Store?",https://www.zacks.com/stock/news/2212662/logitech-logi-to-report-q3-earnings-whats-in-store,20240119,Zacks Equity Research,"Softened IT spending due to ongoing macroeconomic uncertainties and geopolitical issues is expected to have hurt Logitech's (LOGI) third-quarter fiscal 2024 performance.",https://staticx-tuner.zacks.com/images/articles/main/08/58862.jpg,Zacks Commentary,n/a,www.zacks.com,[{"topic":"Economy - Monetary";"relevance_score":"0.158519"};{"topic":"Retail & Wholesale";"relevance_score":"0.5"};{"topic":"Earnings";"relevance_score":"1.0"};{"topic":"Technology";"relevance_score":"0.5"}],0.026405,Neutral,[{"ticker":"META";"ticker_sentiment_score":"0.051341";"ticker_sentiment_label":"Neutral";"relevance_score":"0.086556"};{"ticker":"AAPL";"ticker_sentiment_score":"0.023631";"ticker_sentiment_label":"Neutral";"relevance_score":"0.129516"};{"ticker":"AMZN";"ticker_sentiment_score":"0.043111";"ticker_sentiment_label":"Neutral";"relevance_score":"0.086556"};{"ticker":"LOGI";"ticker_sentiment_score":"0.182649";"ticker_sentiment_label":"Somewhat-Bullish";"relevance_score":"0.296377"}]
"New And Returning Apple Card Users Score Exclusive Subscription Deals Until Jan. 31 - Sony Group  ( NYSE:SONY ) ",https://www.benzinga.com/general/entertainment/24/01/36693426/new-and-returning-apple-card-users-score-exclusive-subscription-deals-until-jan-31,20240119,Rounak Jain,"Apple Inc. AAPL has unveiled a new set of perks for Apple Card users. The tech giant is offering up to three months of free subscription to most of its online services. What Happened: The Apple Card offer encompasses services such as Apple TV+ Apple Music Apple Arcade Apple Fitness+ and Apple ...",https://cdn.benzinga.com/files/images/story/2024/Apple-Card.jpeg?width=1200&height=800&fit=crop,Benzinga,General,www.benzinga.com,[{"topic":"Technology";"relevance_score":"1.0"}],0.302725,Somewhat-Bullish,[{"ticker":"SNEJF";"ticker_sentiment_score":"0.489744";"ticker_sentiment_label":"Bullish";"relevance_score":"0.42503"};{"ticker":"AAPL";"ticker_sentiment_score":"0.548449";"ticker_sentiment_label":"Bullish";"relevance_score":"0.999233"}]
"Futures Rise; This AI Play Surges",https://www.investors.com/market-trend/stock-market-today/dow-jones-futures-rise-after-market-shrugs-off-fed-warning/,20240119,Investor's Business Daily ED CARSON,"Dow Jones Futures Rise AI Play Soars After Market Shrugs Off Fed Warning Investor's Business Daily ...",https://www.investors.com/wp-content/uploads/2022/09/Stock-applestoreentrance-01-adobe.jpg,Investors Business Daily,n/a,www.investors.com,[{"topic":"Life Sciences";"relevance_score":"0.25"};{"topic":"Technology";"relevance_score":"0.25"};{"topic":"Finance";"relevance_score":"0.25"};{"topic":"Economy - Monetary";"relevance_score":"0.158519"};{"topic":"IPO";"relevance_score":"0.158519"};{"topic":"Financial Markets";"relevance_score":"1.0"};{"topic":"Manufacturing";"relevance_score":"0.25"};{"topic":"Earnings";"relevance_score":"0.998311"}],0.102868,Neutral,[{"ticker":"DKNG";"ticker_sentiment_score":"0.057517";"ticker_sentiment_label":"Neutral";"relevance_score":"0.134741"};{"ticker":"KLAC";"ticker_sentiment_score":"0.0";"ticker_sentiment_label":"Neutral";"relevance_score":"0.054114"};{"ticker":"AMAT";"ticker_sentiment_score":"0.0";"ticker_sentiment_label":"Neutral";"relevance_score":"0.081092"};{"ticker":"APP";"ticker_sentiment_score":"0.011088";"ticker_sentiment_label":"Neutral";"relevance_score":"0.107978"};{"ticker":"HUM";"ticker_sentiment_score":"-0.118166";"ticker_sentiment_label":"Neutral";"relevance_score":"0.107978"};{"ticker":"NVDA";"ticker_sentiment_score":"0.010058";"ticker_sentiment_label":"Neutral";"relevance_score":"0.107978"};{"ticker":"AAPL";"ticker_sentiment_score":"0.176309";"ticker_sentiment_label":"Somewhat-Bullish";"relevance_score":"0.239961"};{"ticker":"BAC";"ticker_sentiment_score":"0.130723";"ticker_sentiment_label":"Neutral";"relevance_score":"0.027072"};{"ticker":"SMCI";"ticker_sentiment_score":"0.095468";"ticker_sentiment_label":"Neutral";"relevance_score":"0.107978"};{"ticker":"IVZ";"ticker_sentiment_score":"0.0";"ticker_sentiment_label":"Neutral";"relevance_score":"0.027072"};{"ticker":"UNH";"ticker_sentiment_score":"-0.109008";"ticker_sentiment_label":"Neutral";"relevance_score":"0.081092"};{"ticker":"MSFT";"ticker_sentiment_score":"0.198085";"ticker_sentiment_label":"Somewhat-Bullish";"relevance_score":"0.161349"};{"ticker":"TSLA";"ticker_sentiment_score":"-0.116956";"ticker_sentiment_label":"Neutral";"relevance_score":"0.161349"};{"ticker":"LRCX";"ticker_sentiment_score":"0.0";"ticker_sentiment_label":"Neutral";"relevance_score":"0.054114"};{"ticker":"ARM";"ticker_sentiment_score":"-0.032103";"ticker_sentiment_label":"Neutral";"relevance_score":"0.107978"};{"ticker":"BA";"ticker_sentiment_score":"0.0";"ticker_sentiment_label":"Neutral";"relevance_score":"0.054114"}]
"Semiconductor ETF  ( SMH )  Hits New 52-Week High",https://www.zacks.com/stock/news/2212609/semiconductor-etf-smh-hits-new-52-week-high,20240119,Sanghamitra Saha,"The semiconductor ETF SMH hit a 52-week high lately. Can it soar higher?",https://staticx-tuner.zacks.com/images/default_article_images/default59.jpg,Zacks Commentary,n/a,www.zacks.com,[{"topic":"Financial Markets";"relevance_score":"0.714479"};{"topic":"Manufacturing";"relevance_score":"0.5"};{"topic":"Earnings";"relevance_score":"0.360215"};{"topic":"Technology";"relevance_score":"0.5"}],0.189289,Somewhat-Bullish,[{"ticker":"NVDA";"ticker_sentiment_score":"0.443005";"ticker_sentiment_label":"Bullish";"relevance_score":"0.343279"};{"ticker":"AAPL";"ticker_sentiment_score":"0.547187";"ticker_sentiment_label":"Bullish";"relevance_score":"0.495015"}]
"What's Apple Hiding? The Mystery Component Of Vision Pro Revealed - Apple  ( NASDAQ:AAPL ) ",https://www.benzinga.com/news/24/01/36692530/whats-apple-hiding-the-mystery-component-of-vision-pro-revealed,20240119,Sudhanshu Singh,"As it finally gets ready to reach consumers Apple Inc.'s AAPL new mixed-reality headset Vision Pro has sparked a minor controversy. It is reportedly equipped with an external battery pack that users need to carry around and Apple has been hiding it from photos.",https://cdn.benzinga.com/files/images/story/2024/apple-vision-pro.jpeg?width=1200&height=800&fit=crop,Benzinga,News,www.benzinga.com,[{"topic":"Technology";"relevance_score":"1.0"}],0.248404,Somewhat-Bullish,[{"ticker":"NFLX";"ticker_sentiment_score":"0.244431";"ticker_sentiment_label":"Somewhat-Bullish";"relevance_score":"0.228073"};{"ticker":"GOOG";"ticker_sentiment_score":"0.15902";"ticker_sentiment_label":"Somewhat-Bullish";"relevance_score":"0.115232"};{"ticker":"AAPL";"ticker_sentiment_score":"0.290913";"ticker_sentiment_label":"Somewhat-Bullish";"relevance_score":"0.615462"};{"ticker":"SPOT";"ticker_sentiment_score":"0.15902";"ticker_sentiment_label":"Somewhat-Bullish";"relevance_score":"0.115232"}]
"One sector is camouflaging the market's recent deterioration. It can only last so long, says this technical analyst.",https://www.marketwatch.com/story/one-sector-is-camouflaging-the-markets-recent-deterioration-it-can-only-last-so-long-says-this-technical-analyst-265aa68e,20240119,Jamie Chisholm,"Tech's doing well but not much else and that does not a sustainable rally make ...",https://images.mktw.net/im-33918433?width=700&height=370,MarketWatch,Top Stories,www.marketwatch.com,[{"topic":"Energy & Transportation";"relevance_score":"0.2"};{"topic":"Technology";"relevance_score":"0.2"};{"topic":"Finance";"relevance_score":"0.2"};{"topic":"Economy - Monetary";"relevance_score":"0.310843"};{"topic":"Retail & Wholesale";"relevance_score":"0.2"};{"topic":"Financial Markets";"relevance_score":"0.998962"};{"topic":"Manufacturing";"relevance_score":"0.2"};{"topic":"Earnings";"relevance_score":"0.360215"}],0.106672,Neutral,[{"ticker":"SLB";"ticker_sentiment_score":"0.0";"ticker_sentiment_label":"Neutral";"relevance_score":"0.044304"};{"ticker":"FITB";"ticker_sentiment_score":"0.0";"ticker_sentiment_label":"Neutral";"relevance_score":"0.088472"};{"ticker":"AAPL";"ticker_sentiment_score":"0.06291";"ticker_sentiment_label":"Neutral";"relevance_score":"0.088472"};{"ticker":"STT";"ticker_sentiment_score":"0.0";"ticker_sentiment_label":"Neutral";"relevance_score":"0.088472"};{"ticker":"M";"ticker_sentiment_score":"0.0";"ticker_sentiment_label":"Neutral";"relevance_score":"0.044304"};{"ticker":"TSM";"ticker_sentiment_score":"0.06291";"ticker_sentiment_label":"Neutral";"relevance_score":"0.088472"};{"ticker":"FOREX:JPY";"ticker_sentiment_score":"0.014979";"ticker_sentiment_label":"Neutral";"relevance_score":"0.044304"};{"ticker":"FOREX:USD";"ticker_sentiment_score":"0.005302";"ticker_sentiment_label":"Neutral";"relevance_score":"0.088472"}]
"Is Your iPhone 12 Or M2 MacBook Air Safe? Apple Confirms Critical Security Flaw: Report - Meta Platforms  ( NASDAQ:META ) ",https://www.benzinga.com/news/24/01/36692415/is-your-iphone-12-or-m2-macbook-air-safe-apple-confirms-critical-security-flaw-report,20240119,Benzinga Neuro,"Apple Inc. AAPL has acknowledged a significant security flaw in its iPhone 12 and M2 MacBook Air GPUs. The flaw named 'LeftoverLocals' could potentially expose sensitive data to hackers. What Happened: Apple has confirmed the existence of a security flaw in the GPUs of its iPhone 12 and M2 ...",https://cdn.benzinga.com/files/images/story/2024/13-inch-MacBook-Air-M2.png?width=1200&height=800&fit=crop,Benzinga,General,www.benzinga.com,[{"topic":"Technology";"relevance_score":"0.5"};{"topic":"Manufacturing";"relevance_score":"0.5"}],-0.060768,Neutral,[{"ticker":"NVDA";"ticker_sentiment_score":"0.203394";"ticker_sentiment_label":"Somewhat-Bullish";"relevance_score":"0.104683"};{"ticker":"QCOM";"ticker_sentiment_score":"0.240087";"ticker_sentiment_label":"Somewhat-Bullish";"relevance_score":"0.207571"};{"ticker":"AAPL";"ticker_sentiment_score":"-0.209337";"ticker_sentiment_label":"Somewhat-Bearish";"relevance_score":"0.570165"}]
"Should Motley Fool 100 Index ETF  ( TMFC )  Be on Your Investing Radar?",https://www.zacks.com/stock/news/2212575/should-motley-fool-100-index-etf-tmfc-be-on-your-investing-radar,20240119,Zacks Equity Research,"Style Box ETF report for ...",https://staticx-tuner.zacks.com/images/default_article_images/default275.jpg,Zacks Commentary,n/a,www.zacks.com,[{"topic":"Financial Markets";"relevance_score":"1.0"};{"topic":"Earnings";"relevance_score":"0.310843"};{"topic":"Technology";"relevance_score":"0.5"};{"topic":"Finance";"relevance_score":"0.5"}],0.097105,Neutral,[{"ticker":"MSFT";"ticker_sentiment_score":"0.067048";"ticker_sentiment_label":"Neutral";"relevance_score":"0.116914"};{"ticker":"GOOG";"ticker_sentiment_score":"0.067048";"ticker_sentiment_label":"Neutral";"relevance_score":"0.116914"};{"ticker":"AAPL";"ticker_sentiment_score":"0.067048";"ticker_sentiment_label":"Neutral";"relevance_score":"0.116914"};{"ticker":"IVZ";"ticker_sentiment_score":"0.101724";"ticker_sentiment_label":"Neutral";"relevance_score":"0.116914"}]
"Should SPDR MSCI USA StrategicFactors ETF  ( QUS )  Be on Your Investing Radar?",https://www.zacks.com/stock/news/2212579/should-spdr-msci-usa-strategicfactors-etf-qus-be-on-your-investing-radar,20240119,Zacks Equity Research,"Style Box ETF report for ...",https://staticx-tuner.zacks.com/images/default_article_images/default100.jpg,Zacks Commentary,n/a,www.zacks.com,[{"topic":"Financial Markets";"relevance_score":"1.0"};{"topic":"Manufacturing";"relevance_score":"0.333333"};{"topic":"Technology";"relevance_score":"0.333333"};{"topic":"Finance";"relevance_score":"0.333333"}],0.113207,Neutral,[{"ticker":"MSFT";"ticker_sentiment_score":"0.069436";"ticker_sentiment_label":"Neutral";"relevance_score":"0.126784"};{"ticker":"AAPL";"ticker_sentiment_score":"0.069436";"ticker_sentiment_label":"Neutral";"relevance_score":"0.126784"};{"ticker":"STT";"ticker_sentiment_score":"0.048015";"ticker_sentiment_label":"Neutral";"relevance_score":"0.063594"};{"ticker":"AVGO";"ticker_sentiment_score":"0.069436";"ticker_sentiment_label":"Neutral";"relevance_score":"0.126784"}]
"Is Fidelity High Dividend ETF  ( FDVV )  a Strong ETF Right Now?",https://www.zacks.com/stock/news/2212583/is-fidelity-high-dividend-etf-fdvv-a-strong-etf-right-now,20240119,Zacks Equity Research,"Smart Beta ETF report for ...",https://staticx-tuner.zacks.com/images/default_article_images/default53.jpg,Zacks Commentary,n/a,www.zacks.com,[{"topic":"Technology";"relevance_score":"0.5"};{"topic":"Financial Markets";"relevance_score":"0.999981"};{"topic":"Manufacturing";"relevance_score":"0.5"}],0.299984,Somewhat-Bullish,[{"ticker":"MSFT";"ticker_sentiment_score":"0.061438";"ticker_sentiment_label":"Neutral";"relevance_score":"0.116914"};{"ticker":"NVDA";"ticker_sentiment_score":"0.061438";"ticker_sentiment_label":"Neutral";"relevance_score":"0.116914"};{"ticker":"AAPL";"ticker_sentiment_score":"0.061438";"ticker_sentiment_label":"Neutral";"relevance_score":"0.116914"}]
"92 Billion Reasons Amazon Can Become the Largest Publicly Traded Company by 2027",https://www.fool.com/investing/2024/01/19/92-billion-reasons-amazon-largest-company-by-2027/,20240119,Sean Williams,"Move over Apple Microsoft Nvidia and Alphabet! Amazon has a clear path to a greater than $3 trillion market cap by 2027.",https://g.foolcdn.com/image/?url=https%3A%2F%2Fg.foolcdn.com%2Feditorial%2Fimages%2F761582%2Famzn-package-delivery-father-daughter-hub.jpg&op=resize&w=700,Motley Fool,n/a,www.fool.com,[{"topic":"Retail & Wholesale";"relevance_score":"0.333333"};{"topic":"Financial Markets";"relevance_score":"0.316726"};{"topic":"Manufacturing";"relevance_score":"0.333333"};{"topic":"Earnings";"relevance_score":"0.917436"};{"topic":"Technology";"relevance_score":"0.333333"}],0.147317,Neutral,[{"ticker":"MSFT";"ticker_sentiment_score":"0.099787";"ticker_sentiment_label":"Neutral";"relevance_score":"0.181137"};{"ticker":"GOOG";"ticker_sentiment_score":"0.063583";"ticker_sentiment_label":"Neutral";"relevance_score":"0.121343"};{"ticker":"NVDA";"ticker_sentiment_score":"0.081309";"ticker_sentiment_label":"Neutral";"relevance_score":"0.121343"};{"ticker":"AAPL";"ticker_sentiment_score":"0.056182";"ticker_sentiment_label":"Neutral";"relevance_score":"0.091162"};{"ticker":"AMZN";"ticker_sentiment_score":"0.111765";"ticker_sentiment_label":"Neutral";"relevance_score":"0.458593"}]
"Instagram Axes Technical Managers In Meta's Efficiency Drive, More Organizations Likely To Follow Suit: Report - Apple  ( NASDAQ:AAPL ) , Amazon.com  ( NASDAQ:AMZN ) ",https://www.benzinga.com/news/24/01/36691566/instagram-axes-technical-managers-in-metas-efficiency-drive-more-organizations-likely-to-follow-suit,20240119,Rounak Jain,"A week after eliminating the role of technical program manager ( TPM ) at Instagram impacting nearly 60 employees Meta Platforms Inc. META is now reportedly looking to expand it to other organizations.",https://cdn.benzinga.com/files/images/story/2024/Mark-Zuckerberg.jpeg?width=1200&height=800&fit=crop,Benzinga,General,www.benzinga.com,[{"topic":"Technology";"relevance_score":"0.5"};{"topic":"Retail & Wholesale";"relevance_score":"0.5"}],-0.032845,Neutral,[{"ticker":"GOOG";"ticker_sentiment_score":"0.0";"ticker_sentiment_label":"Neutral";"relevance_score":"0.333257"};{"ticker":"META";"ticker_sentiment_score":"0.069752";"ticker_sentiment_label":"Neutral";"relevance_score":"0.333257"};{"ticker":"AAPL";"ticker_sentiment_score":"-0.161391";"ticker_sentiment_label":"Somewhat-Bearish";"relevance_score":"0.22595"};{"ticker":"AMZN";"ticker_sentiment_score":"-0.070661";"ticker_sentiment_label":"Neutral";"relevance_score":"0.333257"}]
"Meet the Stock Warren Buffett Has Purchased Shares of Almost Every Month for More Than 5 Years",https://www.fool.com/investing/2024/01/19/stock-warren-buffett-purchased-every-month-5-years/,20240119,Sean Williams,"The Oracle of Omaha has bought shares of a company near and dear to his heart for 21 consecutive quarters -- and no it's not Apple!",https://g.foolcdn.com/image/?url=https%3A%2F%2Fg.foolcdn.com%2Feditorial%2Fimages%2F761202%2Fbuffett13-tmf.jpg&op=resize&w=700,Motley Fool,n/a,www.fool.com,[{"topic":"Financial Markets";"relevance_score":"1.0"};{"topic":"Earnings";"relevance_score":"0.614606"};{"topic":"Energy & Transportation";"relevance_score":"0.333333"};{"topic":"Technology";"relevance_score":"0.333333"};{"topic":"Finance";"relevance_score":"0.333333"}],0.242762,Somewhat-Bullish,[{"ticker":"OXY";"ticker_sentiment_score":"0.069216";"ticker_sentiment_label":"Neutral";"relevance_score":"0.132733"};{"ticker":"AAPL";"ticker_sentiment_score":"0.165816";"ticker_sentiment_label":"Somewhat-Bullish";"relevance_score":"0.261818"};{"ticker":"BRK-A";"ticker_sentiment_score":"0.218995";"ticker_sentiment_label":"Somewhat-Bullish";"relevance_score":"0.23008"}]
"TSMC says its $40 billion chip project in Arizona faces a further delay | Business",https://us.cnn.com/2024/01/19/tech/tsmc-taiwan-arizona-project-delay-intl-hnk/index.html,20240119,Michelle Toh,"TSMC says its $40 billion chip project in Arizona faces a further delay ...",https://media.cnn.com/api/v1/images/stellar/prod/230721044455-tsmc-arizona-factory-delay-intl-hnk.jpg?c=16x9&q=h_144w_256c_fill,CNN,Economy,us.cnn.com,[{"topic":"Financial Markets";"relevance_score":"0.108179"};{"topic":"Manufacturing";"relevance_score":"0.5"};{"topic":"Earnings";"relevance_score":"0.614606"};{"topic":"Technology";"relevance_score":"0.5"}],0.110589,Neutral,[{"ticker":"NVDA";"ticker_sentiment_score":"0.0";"ticker_sentiment_label":"Neutral";"relevance_score":"0.129168"};{"ticker":"AAPL";"ticker_sentiment_score":"0.0";"ticker_sentiment_label":"Neutral";"relevance_score":"0.129168"}]
"TSMC says its $40 billion chip project in Arizona faces a further delay | Business",https://edition.cnn.com/2024/01/19/tech/tsmc-taiwan-arizona-project-delay-intl-hnk/index.html,20240119,Michelle Toh,"TSMC says its $40 billion chip project in Arizona faces a further delay CNN International ...",https://media.cnn.com/api/v1/images/stellar/prod/230721044455-tsmc-arizona-factory-delay-intl-hnk.jpg?c=16x9&q=h_144w_256c_fill,CNN,Economy,edition.cnn.com,[{"topic":"Financial Markets";"relevance_score":"0.108179"};{"topic":"Manufacturing";"relevance_score":"0.5"};{"topic":"Earnings";"relevance_score":"0.614606"};{"topic":"Technology";"relevance_score":"0.5"}],0.110589,Neutral,[{"ticker":"NVDA";"ticker_sentiment_score":"0.0";"ticker_sentiment_label":"Neutral";"relevance_score":"0.129168"};{"ticker":"AAPL";"ticker_sentiment_score":"0.0";"ticker_sentiment_label":"Neutral";"relevance_score":"0.129168"}]
"TSMC says its $40 billion chip project in Arizona faces a further delay | Business",https://www.cnn.com/2024/01/19/tech/tsmc-taiwan-arizona-project-delay-intl-hnk/index.html,20240119,Michelle Toh,"TSMC says its $40 billion chip project in Arizona faces a further delay ...",https://media.cnn.com/api/v1/images/stellar/prod/230721044455-tsmc-arizona-factory-delay-intl-hnk.jpg?c=16x9&q=h_144w_256c_fill,CNN,Economy,www.cnn.com,[{"topic":"Financial Markets";"relevance_score":"0.108179"};{"topic":"Manufacturing";"relevance_score":"0.5"};{"topic":"Earnings";"relevance_score":"0.614606"};{"topic":"Technology";"relevance_score":"0.5"}],0.110589,Neutral,[{"ticker":"NVDA";"ticker_sentiment_score":"0.0";"ticker_sentiment_label":"Neutral";"relevance_score":"0.129168"};{"ticker":"AAPL";"ticker_sentiment_score":"0.0";"ticker_sentiment_label":"Neutral";"relevance_score":"0.129168"}]
"Investor Sentiment Increases Following Economic Reports; Dow Jumps Over 200 Points - Apple  ( NASDAQ:AAPL ) , M.D.C. Holdings  ( NYSE:MDC ) ",https://www.benzinga.com/news/earnings/24/01/36690712/investor-sentiment-increases-following-economic-reports-dow-jumps-over-200-points,20240119,Avi Kapoor,"The CNN Money Fear and Greed index showed an improvement in overall market sentiment but the index remained in the ""Greed"" zone on Thursday. U.S. stocks closed higher on Thursday with the Dow Jones index gaining more than 200 points snapping a three-day losing streak. Apple Inc.",https://cdn.benzinga.com/files/images/story/2024/01/19/image22.jpeg?width=1200&height=800&fit=crop,Benzinga,Trading,www.benzinga.com,[{"topic":"Financial Markets";"relevance_score":"0.684621"};{"topic":"Earnings";"relevance_score":"0.158519"};{"topic":"Energy & Transportation";"relevance_score":"0.333333"};{"topic":"Technology";"relevance_score":"0.333333"};{"topic":"Finance";"relevance_score":"0.333333"}],-0.117541,Neutral,[{"ticker":"SLB";"ticker_sentiment_score":"-0.123959";"ticker_sentiment_label":"Neutral";"relevance_score":"0.113062"};{"ticker":"WBD";"ticker_sentiment_score":"-0.172583";"ticker_sentiment_label":"Somewhat-Bearish";"relevance_score":"0.113062"};{"ticker":"TRV";"ticker_sentiment_score":"-0.188721";"ticker_sentiment_label":"Somewhat-Bearish";"relevance_score":"0.223866"};{"ticker":"AAPL";"ticker_sentiment_score":"0.272966";"ticker_sentiment_label":"Somewhat-Bullish";"relevance_score":"0.223866"};{"ticker":"STT";"ticker_sentiment_score":"-0.188721";"ticker_sentiment_label":"Somewhat-Bearish";"relevance_score":"0.223866"};{"ticker":"SKHSF";"ticker_sentiment_score":"0.179403";"ticker_sentiment_label":"Somewhat-Bullish";"relevance_score":"0.113062"}]
"Masimo CEO 'Wholeheartedly' Feels Apple Watch Users Are Better Off Without Blood Oxygen Monitoring Feature - Masimo  ( NASDAQ:MASI ) ",https://www.benzinga.com/news/24/01/36690640/masimo-ceo-wholeheartedly-feels-apple-watch-users-are-better-off-without-blood-oxygen-monitoring-fea,20240119,Rounak Jain,"Masimo Corp. MASI CEO Joe Kiani thinks Apple Watch users are better off without the blood oxygen monitoring feature now that Apple Inc. AAPL has disabled it on its latest smartwatches due to a patent dispute.",https://cdn.benzinga.com/files/images/story/2024/Apple-Watch-Blood-Oxygen-Monitor.jpeg?width=1200&height=800&fit=crop,Benzinga,General,www.benzinga.com,[{"topic":"Life Sciences";"relevance_score":"0.5"};{"topic":"Technology";"relevance_score":"0.5"};{"topic":"Financial Markets";"relevance_score":"0.108179"}],-0.042881,Neutral,[{"ticker":"MASI";"ticker_sentiment_score":"-0.173616";"ticker_sentiment_label":"Somewhat-Bearish";"relevance_score":"0.28664"};{"ticker":"AAPL";"ticker_sentiment_score":"-0.198771";"ticker_sentiment_label":"Somewhat-Bearish";"relevance_score":"0.962624"}]
"Stocks 'Remain Pricey,' Says Top Economist Steve Hanke: 'Multiples Will Come Off As The Recession Starts To Bite' - Amazon.com  ( NASDAQ:AMZN ) ",https://www.benzinga.com/analyst-ratings/analyst-color/24/01/36690461/stocks-remain-pricey-says-top-economist-steve-hanke-multiples-will-come-off-as-the-,20240119,Benzinga Neuro,"Noted economist Steve Hanke has predicted a recession a stock market downturn and inflation falling below 2% by the end of 2024.",https://cdn.benzinga.com/files/images/story/2024/NeuroImage.png?width=1200&height=800&fit=crop,Benzinga,General,www.benzinga.com,[{"topic":"Economy - Monetary";"relevance_score":"0.890401"};{"topic":"Financial Markets";"relevance_score":"0.955357"};{"topic":"Earnings";"relevance_score":"0.310843"};{"topic":"Technology";"relevance_score":"1.0"}],-0.152888,Somewhat-Bearish,[{"ticker":"AAPL";"ticker_sentiment_score":"0.239201";"ticker_sentiment_label":"Somewhat-Bullish";"relevance_score":"0.185306"}]
"Amazon's 'Remarkable Alexa' Plans Hit Roadblocks Amid Internal Disputes And Technical Glitches: Report - Apple  ( NASDAQ:AAPL ) , Amazon.com  ( NASDAQ:AMZN ) ",https://www.benzinga.com/news/24/01/36690413/amazons-remarkable-alexa-plans-hit-roadblocks-amid-internal-disputes-and-technical-glitches-report,20240119,Ananya Gairola,"Amazon.com Inc. AMZN has been working on a premium version of its AI-powered voice assistant Alexa. However the project might be getting beleaguered by internal disagreements and technical hitches possibly leading to further postponements.",https://cdn.benzinga.com/files/images/story/2024/Amazon-Alexa.jpeg?width=1200&height=800&fit=crop,Benzinga,News,www.benzinga.com,[{"topic":"Technology";"relevance_score":"0.5"};{"topic":"Retail & Wholesale";"relevance_score":"0.5"}],0.038699,Neutral,[{"ticker":"GOOG";"ticker_sentiment_score":"-0.158997";"ticker_sentiment_label":"Somewhat-Bearish";"relevance_score":"0.254751"};{"ticker":"AAPL";"ticker_sentiment_score":"-0.117487";"ticker_sentiment_label":"Neutral";"relevance_score":"0.171485"};{"ticker":"AMZN";"ticker_sentiment_score":"0.088623";"ticker_sentiment_label":"Neutral";"relevance_score":"0.484191"}]
"Apple Envisions Future Where Vision Pro Will Be Used To Train Surgeons, Conduct Aircraft Repair And Educate Students: Report - Apple  ( NASDAQ:AAPL ) ",https://www.benzinga.com/news/24/01/36690355/apple-envisions-future-where-vision-pro-will-be-used-to-train-surgeons-conduct-aircraft-repair-and-e,20240119,Ananya Gairola,"Apple Inc.'s AAPL forthcoming mixed-reality headset Vision Pro reportedly intends to aim at the sectors of surgery aircraft repair and education as potential growth opportunities.",https://cdn.benzinga.com/files/images/story/2024/Apple-Vision-Pro_5.jpeg?width=1200&height=800&fit=crop,Benzinga,News,www.benzinga.com,[{"topic":"Technology";"relevance_score":"1.0"}],0.339784,Somewhat-Bullish,[{"ticker":"AAPL";"ticker_sentiment_score":"0.503711";"ticker_sentiment_label":"Bullish";"relevance_score":"0.588876"}]
"Meta says its AI tools boost ad campaigns' returns by 32%",https://www.financialexpress.com/business/brandwagon-meta-says-its-ai-tools-boost-ad-campaigns-returns-by-32-3368877/,20240119,Bloomberg,"Ads running on Meta Platforms Inc.'s apps saw return on spending increase by an average of 32% with the help of artificial intelligence global business group head Nicola Mendelsohn said.",https://www.financialexpress.com/wp-content/uploads/2023/12/meta-IE-1.jpg,The Financial Express,n/a,www.financialexpress.com,[{"topic":"Technology";"relevance_score":"1.0"}],0.193298,Somewhat-Bullish,[{"ticker":"META";"ticker_sentiment_score":"0.424632";"ticker_sentiment_label":"Bullish";"relevance_score":"0.250386"};{"ticker":"AAPL";"ticker_sentiment_score":"0.094962";"ticker_sentiment_label":"Neutral";"relevance_score":"0.250386"}]
"Netflix Says No To Apple Vision Pro App, Now YouTube, Spotify Aren't Launching One Either: Report - Alphabet  ( NASDAQ:GOOG ) , Apple  ( NASDAQ:AAPL ) ",https://www.benzinga.com/general/entertainment/24/01/36689009/netflix-says-no-to-apple-vision-pro-app-now-youtube-spotify-arent-launching-one-either-repo,20240119,Ananya Gairola,"Alphabet Inc.'s GOOG GOOGL YouTube and reportedly Spotify Technology SA SPOT have decided not to launch their apps on Apple Inc.'s AAPL forthcoming mixed-reality headset Vision Pro.",https://cdn.benzinga.com/files/images/story/2024/Apple-Vision-Pro_1.png?width=1200&height=800&fit=crop,Benzinga,News,www.benzinga.com,[{"topic":"Technology";"relevance_score":"1.0"}],0.278143,Somewhat-Bullish,[{"ticker":"NFLX";"ticker_sentiment_score":"0.0";"ticker_sentiment_label":"Neutral";"relevance_score":"0.197413"};{"ticker":"GOOG";"ticker_sentiment_score":"0.126453";"ticker_sentiment_label":"Neutral";"relevance_score":"0.382925"};{"ticker":"META";"ticker_sentiment_score":"0.259101";"ticker_sentiment_label":"Somewhat-Bullish";"relevance_score":"0.29234"};{"ticker":"AAPL";"ticker_sentiment_score":"0.332692";"ticker_sentiment_label":"Somewhat-Bullish";"relevance_score":"0.618426"};{"ticker":"SPOT";"ticker_sentiment_score":"0.241667";"ticker_sentiment_label":"Somewhat-Bullish";"relevance_score":"0.468029"}]
"Market Shrugs Off Fed Warning As These Two Titans Jump",https://www.investors.com/market-trend/stock-market-today/dow-jones-futures-market-shrugs-off-fed-warning-taiwan-semiconductor-apple-jump-tesla-stock/,20240118,Investor's Business Daily ED CARSON,"Dow Jones Futures: Market Shrugs Off Fed Warning As Taiwan Semiconductor Apple Jump Investor's Business Daily ...",https://www.investors.com/wp-content/uploads/2022/09/Stock-applestoreentrance-01-adobe.jpg,Investors Business Daily,n/a,www.investors.com,[{"topic":"Life Sciences";"relevance_score":"0.25"};{"topic":"Technology";"relevance_score":"0.25"};{"topic":"Finance";"relevance_score":"0.25"};{"topic":"Economy - Monetary";"relevance_score":"0.158519"};{"topic":"IPO";"relevance_score":"0.158519"};{"topic":"Financial Markets";"relevance_score":"1.0"};{"topic":"Manufacturing";"relevance_score":"0.25"};{"topic":"Earnings";"relevance_score":"0.998311"}],0.098155,Neutral,[{"ticker":"DKNG";"ticker_sentiment_score":"0.056988";"ticker_sentiment_label":"Neutral";"relevance_score":"0.126918"};{"ticker":"KLAC";"ticker_sentiment_score":"0.0";"ticker_sentiment_label":"Neutral";"relevance_score":"0.050948"};{"ticker":"AMAT";"ticker_sentiment_score":"0.0";"ticker_sentiment_label":"Neutral";"relevance_score":"0.076358"};{"ticker":"APP";"ticker_sentiment_score":"0.049153";"ticker_sentiment_label":"Neutral";"relevance_score":"0.101689"};{"ticker":"HUM";"ticker_sentiment_score":"-0.103948";"ticker_sentiment_label":"Neutral";"relevance_score":"0.101689"};{"ticker":"NVDA";"ticker_sentiment_score":"0.009846";"ticker_sentiment_label":"Neutral";"relevance_score":"0.101689"};{"ticker":"AAPL";"ticker_sentiment_score":"0.164893";"ticker_sentiment_label":"Somewhat-Bullish";"relevance_score":"0.226301"};{"ticker":"BAC";"ticker_sentiment_score":"0.12969";"ticker_sentiment_label":"Neutral";"relevance_score":"0.025487"};{"ticker":"SMCI";"ticker_sentiment_score":"0.11671";"ticker_sentiment_label":"Neutral";"relevance_score":"0.076358"};{"ticker":"IVZ";"ticker_sentiment_score":"0.0";"ticker_sentiment_label":"Neutral";"relevance_score":"0.025487"};{"ticker":"UNH";"ticker_sentiment_score":"-0.09681";"ticker_sentiment_label":"Neutral";"relevance_score":"0.076358"};{"ticker":"MSFT";"ticker_sentiment_score":"0.187481";"ticker_sentiment_label":"Somewhat-Bullish";"relevance_score":"0.126918"};{"ticker":"TSLA";"ticker_sentiment_score":"-0.001405";"ticker_sentiment_label":"Neutral";"relevance_score":"0.152018"};{"ticker":"LRCX";"ticker_sentiment_score":"0.0";"ticker_sentiment_label":"Neutral";"relevance_score":"0.050948"};{"ticker":"ARM";"ticker_sentiment_score":"-0.034793";"ticker_sentiment_label":"Neutral";"relevance_score":"0.101689"};{"ticker":"BA";"ticker_sentiment_score":"0.0";"ticker_sentiment_label":"Neutral";"relevance_score":"0.050948"}]
"Stock Market Today: Nasdaq Outperforms as Chip Stocks Pop",https://www.kiplinger.com/investing/stocks/stock-market-today-nasdaq-outperforms-as-chip-stocks-pop,20240118,Karee Venema,"A busy day on Wall Street ended in a higher finish for stocks. In addition to a mixed batch of economic data investors took in an onslaught of corporate earnings reports. Today's economic calendar was jam-packed.",https://cdn.mos.cms.futurecdn.net/aUbf6oajUQLY9U879TtmcK-415-80.jpg,Kiplinger,n/a,www.kiplinger.com,[{"topic":"Economy - Monetary";"relevance_score":"0.158519"};{"topic":"Financial Markets";"relevance_score":"0.995015"};{"topic":"Manufacturing";"relevance_score":"0.333333"};{"topic":"Earnings";"relevance_score":"0.310843"};{"topic":"Technology";"relevance_score":"0.333333"};{"topic":"Finance";"relevance_score":"0.333333"}],0.104061,Neutral,[{"ticker":"HUM";"ticker_sentiment_score":"-0.044071";"ticker_sentiment_label":"Neutral";"relevance_score":"0.145583"};{"ticker":"NVDA";"ticker_sentiment_score":"0.070885";"ticker_sentiment_label":"Neutral";"relevance_score":"0.145583"};{"ticker":"AAPL";"ticker_sentiment_score":"0.092943";"ticker_sentiment_label":"Neutral";"relevance_score":"0.591019"};{"ticker":"BRK-A";"ticker_sentiment_score":"-0.136513";"ticker_sentiment_label":"Neutral";"relevance_score":"0.073098"};{"ticker":"AMD";"ticker_sentiment_score":"0.070885";"ticker_sentiment_label":"Neutral";"relevance_score":"0.145583"};{"ticker":"UNH";"ticker_sentiment_score":"0.061433";"t